ID_Registro,Data_Pedido,Numero_Pedido,Cliente,Cidade_Cliente,Estado,Vendedor,Produto,Categoria,Quantidade,Valor_Unitario,Valor_Total,Nota_Satisfacao,Comentario_Satisfacao,Forma_Pagamento,Observacao
1,2025-02-28,PED-1001,Construtora PR,Cascavel,PR,C. Silva,Soldadora,Medição,9,-4165.28,37487.52,10,Neutro,Boleto,
2,30-01-2025,PED-1002,Cliente XPTO,Maringá,PR,C. Silva,Parafusadeira ,Ferramentas,28,-3713.18,103969.04,10,Satisfeito,PIX,
3,09/05/2025,PED-1003,Cliente XPTO,Araucária,PR,Carlos S.,Soldadora,Soldagem,12,-3067.67,36812.04,10,Insatisfeito,Boleto,
4,2025-05-21,PED-1004,Construtora Paraná ,Ponta Grossa,PR,Carlos S.,Parafusadeira ,Ferramentas,9,-1130.22,10171.98,0,Insatisfeito,Cartão,
5,2025-03-23,PED-1005,Construtora PR,Maringá,PR,Carlos S.,Parafusadeira ,Soldagem,4,-2794.73,11178.92,10,Muito Satisfeito,Boleto,
6,28/06/2025,PED-1006,Construtora Paraná ,Cascavel,PR,C. Silva,Parafusadeira ,Energia,21,-3331.68,69965.28,6,Neutro,Cartão,
7,19-05-2025,PED-1007,Cliente XPTO,Maringá,PR,C. Silva,Furad.,Medição,29,-4116.6,119381.4,10,Insatisfeito,Boleto,
8,2025-03-13,PED-1008,Construtora Paraná ,Londrina,PR,C. Silva,Parafusadeira ,Energia,6,-733.02,4398.12,6,Insatisfeito,Cartão,
9,12/02/2025,PED-1009,Cliente XPTO,Araucária,PR,Carlos S.,Soldadora,Ferramentas,4,-1963.48,7853.92,0,Neutro,PIX,
10,19-06-2025,PED-1010,Construtora PR,Araucária,PR,Carlos S.,Parafusadeira ,Soldagem,2,-104.88,209.76,6,Neutro,Cartão,
11,16-01-2025,PED-1011,Cliente XPTO,Curitiba,PR,Carlos S.,Furad.,Ferramentas,3,-1687.01,5061.03,10,Satisfeito,Cartão,
12,2025-05-25,PED-1012,Construtora Paraná ,Cascavel,PR,Carlos S.,Parafusadeira ,Medição,16,-338.83,5421.28,0,Satisfeito,Boleto,
13,2025-03-11,PED-1013,Construtora PR,Cascavel,PR,Carlos S.,Furad.,Elétrica,10,-2170.15,21701.5,10,Insatisfeito,PIX,
14,2025-05-09,PED-1014,Construtora PR,Cascavel,PR,C. Silva,Parafusadeira ,Medição,12,-91.99,1103.88,6,Insatisfeito,Boleto,
15,12-05-2025,PED-1015,Construtora Paraná ,Londrina,PR,C. Silva,Parafusadeira ,Ferramentas,10,-3723.22,37232.2,0,Neutro,Cartão,
16,2025-03-31,PED-1016,Construtora Paraná ,Cascavel,PR,Carlos S.,Parafusadeira ,Energia,15,-1882.54,28238.1,0,Insatisfeito,Boleto,
17,25-03-2025,PED-1017,Construtora PR,Ponta Grossa,PR,Carlos S.,Soldadora,Elétrica,12,-1079.75,12957.0,10,Satisfeito,Boleto,
18,18-01-2025,PED-1018,Cliente XPTO,Araucária,PR,Carlos S.,Parafusadeira ,Ferramentas,22,-1600.4,35208.8,10,Neutro,Cartão,
19,21/02/2025,PED-1019,Construtora Paraná ,Curitiba,PR,C. Silva,Soldadora,Soldagem,1,-131.84,131.84,10,Insatisfeito,Boleto,
20,30-01-2025,PED-1020,Construtora Paraná ,Cascavel,PR,C. Silva,Furad.,Elétrica,13,-930.06,12090.78,10,Satisfeito,Cartão,
21,08/02/2025,PED-1021,Cliente XPTO,Ponta Grossa,PR,Carlos S.,Soldadora,Medição,28,-2686.27,75215.56,0,Muito Satisfeito,PIX,
22,24/06/2025,PED-1022,Construtora Paraná ,Curitiba,PR,Carlos S.,Parafusadeira ,Elétrica,21,-3091.56,64922.76,0,Satisfeito,PIX,
23,19/03/2025,PED-1023,Construtora Paraná ,Londrina,PR,C. Silva,Soldadora,Ferramentas,17,-258.25,4390.25,10,Satisfeito,Cartão,
24,17-01-2025,PED-1024,Cliente XPTO,Araucária,PR,C. Silva,Furad.,Energia,15,-2619.48,39292.2,0,Neutro,Cartão,
25,28-02-2025,PED-1025,Construtora PR,Ponta Grossa,PR,C. Silva,Parafusadeira ,Energia,21,-1929.03,40509.63,6,Satisfeito,Cartão,
26,2025-05-31,PED-1026,Cliente XPTO,Araucária,PR,C. Silva,Parafusadeira ,Ferramentas,5,-841.47,4207.35,6,Muito Satisfeito,PIX,
27,28-06-2025,PED-1027,Construtora PR,Araucária,PR,Carlos S.,Furad.,Ferramentas,22,-1258.27,27681.94,6,Neutro,Cartão,
28,29/06/2025,PED-1028,Construtora Paraná ,Araucária,PR,C. Silva,Parafusadeira ,Soldagem,5,-1709.82,8549.1,10,Satisfeito,PIX,
29,19/01/2025,PED-1029,Construtora PR,Cascavel,PR,Carlos S.,Furad.,Soldagem,25,-2951.01,73775.25,6,Muito Satisfeito,PIX,
30,15/03/2025,PED-1030,Construtora PR,Cascavel,PR,C. Silva,Furad.,Elétrica,1,-3438.61,3438.61,10,Insatisfeito,Boleto,
31,2025-04-18,PED-1031,Construtora Paraná,Ponta Grossa,PR,C. Silva,Furad.,Ferramentas,19,-1450.03,27550.57,6,Muito Satisfeito,Cartão,
32,11-04-2025,PED-1032,Loja Ferramentas BR,Ponta Grossa,PR,C. Silva,Parafusadeira ,Medição,16,-875.27,14004.32,0,Muito Satisfeito,Boleto,
33,04-02-2025,PED-1033,Oficina Curitiba,Araucária,PR,Carlos S.,Soldadora,Medição,15,-3705.97,55589.55,0,Muito Satisfeito,Boleto,
34,2025-02-21,PED-1034,Cliente XPTO,Araucária,PR,Carlos S.,Soldadora,Ferramentas,12,-2310.81,27729.72,10,Satisfeito,Cartão,
35,05-03-2025,PED-1035,Indústria Alpha,Cascavel,PR,C. Silva,Parafusadeira ,Medição,8,-1283.31,10266.48,0,Satisfeito,Cartão,
36,2025-04-17,PED-1036,Auto Center Prime,Araucária,PR,C. Silva,Soldadora,Medição,27,-4557.86,123062.22,10,Insatisfeito,Cartão,
37,2025-04-17,PED-1037,Cliente XPTO,Curitiba,PR,Carlos S.,Soldadora,Elétrica,28,-566.1,15850.8,6,Insatisfeito,Cartão,
38,30/01/2025,PED-1038,Mercado Industrial,Araucária,PR,Carlos S.,Parafusadeira ,Ferramentas,14,-364.7,5105.8,10,Satisfeito,PIX,
39,21-06-2025,PED-1039,Mercado Industrial,Araucária,PR,C. Silva,Furad.,Energia,24,-1075.78,25818.72,0,Neutro,Cartão,
40,29/03/2025,PED-1040,Metalúrgica Sul,Araucária,PR,C. Silva,Parafusadeira ,Soldagem,28,-871.49,24401.72,6,Muito Satisfeito,Boleto,
41,10/05/2025,PED-1041,Mercado Industrial,Ponta Grossa,PR,Carlos S.,Parafusadeira ,Ferramentas,20,-4678.41,93568.2,10,Satisfeito,Boleto,
42,2025-05-15,PED-1042,Auto Center Prime,Araucária,PR,C. Silva,Parafusadeira ,Elétrica,20,-3597.36,71947.2,10,Insatisfeito,Cartão,
43,2025-02-18,PED-1043,Metalúrgica Sul,Maringá,PR,Carlos S.,Soldadora,Ferramentas,20,-4681.44,93628.8,0,Muito Satisfeito,Cartão,
44,2025-04-20,PED-1044,Metalúrgica Sul,Araucária,PR,Carlos S.,Soldadora,Ferramentas,3,-4158.15,12474.45,10,Neutro,Boleto,
45,13/04/2025,PED-1045,Mercado Industrial,Curitiba,PR,C. Silva,Parafusadeira ,Soldagem,15,-2010.81,30162.15,6,Insatisfeito,Boleto,
46,08-04-2025,PED-1046,Cliente XPTO,Ponta Grossa,PR,Carlos S.,Soldadora,Soldagem,3,-705.18,2115.54,0,Satisfeito,Cartão,
47,03-03-2025,PED-1047,Mercado Industrial,Londrina,PR,Carlos S.,Furad.,Ferramentas,6,-1361.5,8169.0,6,Insatisfeito,Cartão,
48,11/06/2025,PED-1048,Metalúrgica Sul,Cascavel,PR,C. Silva,Soldadora,Energia,7,-4751.16,33258.12,6,Insatisfeito,Boleto,
49,22-02-2025,PED-1049,Mercado Industrial,Curitiba,PR,C. Silva,Furad.,Soldagem,21,-4684.02,98364.42,10,Satisfeito,Boleto,
50,15-06-2025,PED-1050,Loja Ferramentas BR,Cascavel,PR,Carlos S.,Parafusadeira ,Ferramentas,17,-1292.23,21967.91,10,Insatisfeito,PIX,
51,21/04/2025,PED-1051,Construtora Paraná,Cascavel,PR,C. Silva,Soldadora,Ferramentas,10,-744.61,7446.1,0,Neutro,Boleto,
52,2025-05-08,PED-1052,Oficina Curitiba,Cascavel,PR,C. Silva,Parafusadeira ,Ferramentas,26,-203.24,5284.24,0,Muito Satisfeito,Cartão,
53,12/04/2025,PED-1053,Auto Center Prime,Araucária,PR,C. Silva,Furad.,Medição,24,-1790.71,42977.04,10,Insatisfeito,Cartão,
54,20/02/2025,PED-1054,Metalúrgica Sul,Ponta Grossa,PR,C. Silva,Furad.,Energia,29,-3097.36,89823.44,10,Neutro,Cartão,
55,06-06-2025,PED-1055,Loja Ferramentas BR,Cascavel,PR,Carlos S.,Parafusadeira ,Elétrica,20,-2922.9,58458.0,0,Satisfeito,PIX,
56,2025-05-19,PED-1056,Mercado Industrial,Londrina,PR,Carlos S.,Soldadora,Ferramentas,17,-3567.81,60652.77,0,Neutro,PIX,
57,2025-02-21,PED-1057,Oficina Curitiba,Araucária,PR,Carlos S.,Furad.,Soldagem,20,-2810.08,56201.6,0,Satisfeito,Boleto,
58,24-02-2025,PED-1058,Indústria Alpha,Maringá,PR,C. Silva,Soldadora,Ferramentas,9,-2926.47,26338.23,0,Neutro,Cartão,
59,23-02-2025,PED-1059,Oficina Curitiba,Londrina,PR,Carlos S.,Soldadora,Energia,18,-3029.64,54533.52,0,Insatisfeito,PIX,
60,24/01/2025,PED-1060,Metalúrgica Sul,Araucária,PR,Carlos S.,Soldadora,Ferramentas,1,-2154.32,2154.32,0,Insatisfeito,PIX,
61,01/03/2025,PED-1061,Auto Center Prime,Maringá,PR,C. Silva,Soldadora,Soldagem,28,-1858.29,52032.12,6,Satisfeito,Boleto,
62,06/05/2025,PED-1062,Loja Ferramentas BR,Araucária,PR,Carlos S.,Parafusadeira ,Soldagem,6,-3967.45,23804.7,6,Muito Satisfeito,PIX,
63,31-05-2025,PED-1063,Loja Ferramentas BR,Maringá,PR,Carlos S.,Soldadora,Ferramentas,8,-4938.94,39511.52,10,Insatisfeito,PIX,
64,30-05-2025,PED-1064,Oficina Curitiba,Curitiba,PR,Carlos S.,Furad.,Soldagem,6,-3865.19,23191.14,6,Muito Satisfeito,Boleto,
65,2025-02-22,PED-1065,Oficina Curitiba,Maringá,PR,C. Silva,Soldadora,Elétrica,26,-258.33,6716.58,6,Insatisfeito,Cartão,
66,2025-02-18,PED-1066,Oficina Curitiba,Maringá,PR,C. Silva,Furad.,Energia,23,-4597.92,105752.16,0,Neutro,PIX,
67,04/04/2025,PED-1067,Mercado Industrial,Maringá,PR,C. Silva,Parafusadeira ,Elétrica,27,-2167.75,58529.25,6,Insatisfeito,Boleto,
68,11/05/2025,PED-1068,Metalúrgica Sul,Curitiba,PR,C. Silva,Furad.,Energia,12,-821.41,9856.92,0,Satisfeito,PIX,
69,2025-06-23,PED-1069,Construtora Paraná,Curitiba,PR,Carlos S.,Soldadora,Medição,15,-3792.58,56888.7,10,Satisfeito,PIX,
70,17/05/2025,PED-1070,Cliente XPTO,Araucária,PR,C. Silva,Parafusadeira ,Soldagem,30,-790.44,23713.2,10,Insatisfeito,Boleto,
71,09/05/2025,PED-1071,Indústria Alpha,Ponta Grossa,PR,Carlos S.,Soldadora,Elétrica,3,-4239.14,12717.42,10,Muito Satisfeito,Boleto,
72,20/02/2025,PED-1072,Indústria Alpha,Maringá,PR,Carlos S.,Furad.,Elétrica,27,-2175.47,58737.69,0,Satisfeito,Boleto,
73,02-01-2025,PED-1073,Mercado Industrial,Araucária,PR,Carlos S.,Parafusadeira ,Soldagem,21,-4328.84,90905.64,10,Neutro,PIX,
74,19-05-2025,PED-1074,Auto Center Prime,Londrina,PR,Carlos S.,Parafusadeira ,Soldagem,10,-1610.71,16107.1,10,Satisfeito,PIX,
75,30/03/2025,PED-1075,Auto Center Prime,Ponta Grossa,PR,Carlos S.,Furad.,Soldagem,26,-1739.16,45218.16,10,Satisfeito,Boleto,
76,04/03/2025,PED-1076,Construtora Paraná,Ponta Grossa,PR,Carlos S.,Furad.,Elétrica,2,-4487.83,8975.66,0,Neutro,PIX,
77,23/01/2025,PED-1077,Cliente XPTO,Londrina,PR,Carlos S.,Parafusadeira ,Elétrica,6,-2194.65,13167.9,6,Muito Satisfeito,Boleto,
78,19-04-2025,PED-1078,Oficina Curitiba,Araucária,PR,Carlos S.,Furad.,Soldagem,22,-2376.96,52293.12,10,Satisfeito,PIX,
79,2025-01-23,PED-1079,Cliente XPTO,Maringá,PR,C. Silva,Parafusadeira ,Ferramentas,12,-4511.32,54135.84,6,Neutro,Cartão,
80,2025-02-27,PED-1080,Indústria Alpha,Cascavel,PR,C. Silva,Parafusadeira ,Medição,27,-555.38,14995.26,0,Insatisfeito,Boleto,
81,02-03-2025,PED-1081,Metalúrgica Sul,Curitiba,PR,Carlos S.,Furad.,Soldagem,25,-3260.37,81509.25,0,Neutro,PIX,
82,16-05-2025,PED-1082,Cliente XPTO,Curitiba,PR,C. Silva,Parafusadeira ,Ferramentas,8,-1224.3,9794.4,0,Satisfeito,Boleto,
83,2025-05-21,PED-1083,Indústria Alpha,Araucária,PR,C. Silva,Furad.,Ferramentas,3,-3247.71,9743.13,10,Neutro,Cartão,
84,09-01-2025,PED-1084,Auto Center Prime,Araucária,PR,Carlos S.,Soldadora,Ferramentas,9,-508.6,4577.4,6,Insatisfeito,PIX,
85,14/01/2025,PED-1085,Metalúrgica Sul,Curitiba,PR,C. Silva,Furad.,Soldagem,26,-1310.75,34079.5,10,Muito Satisfeito,Cartão,
86,25/04/2025,PED-1086,Oficina Curitiba,Araucária,PR,C. Silva,Furad.,Energia,10,-3112.4,31124.0,0,Muito Satisfeito,PIX,
87,01/04/2025,PED-1087,Construtora Paraná,Curitiba,PR,Carlos S.,Soldadora,Soldagem,10,-793.94,7939.4,10,Neutro,Boleto,
88,2025-04-01,PED-1088,Mercado Industrial,Araucária,PR,C. Silva,Furad.,Elétrica,27,-61.71,1666.17,10,Muito Satisfeito,Boleto,
89,2025-05-03,PED-1089,Construtora Paraná,Curitiba,PR,C. Silva,Furad.,Soldagem,24,-4955.82,118939.68,0,Satisfeito,Boleto,
90,2025-02-13,PED-1090,Auto Center Prime,Londrina,PR,Carlos S.,Soldadora,Elétrica,8,-2667.31,21338.48,10,Muito Satisfeito,Cartão,
91,17/05/2025,PED-1091,Cliente XPTO,Ponta Grossa,PR,Carlos S.,Soldadora,Energia,4,-3082.5,12330.0,0,Insatisfeito,Cartão,
92,02-02-2025,PED-1092,Construtora Paraná,Curitiba,PR,Carlos S.,Furad.,Soldagem,16,-2352.01,37632.16,10,Insatisfeito,Boleto,
93,09-04-2025,PED-1093,Mercado Industrial,Londrina,PR,C. Silva,Parafusadeira ,Energia,22,-1960.82,43138.04,0,Neutro,Boleto,
94,25/03/2025,PED-1094,Cliente XPTO,Londrina,PR,Carlos S.,Furad.,Soldagem,16,-3164.89,50638.24,0,Neutro,Boleto,
95,04-01-2025,PED-1095,Construtora Paraná,Curitiba,PR,Carlos S.,Furad.,Ferramentas,7,-4734.72,33143.04,0,Neutro,PIX,
96,23-01-2025,PED-1096,Auto Center Prime,Londrina,PR,Carlos S.,Parafusadeira ,Medição,6,-2594.8,15568.8,0,Insatisfeito,Boleto,
97,06/06/2025,PED-1097,Indústria Alpha,Londrina,PR,C. Silva,Soldadora,Energia,5,-4711.37,23556.85,10,Neutro,Boleto,
98,24-04-2025,PED-1098,Cliente XPTO,Cascavel,PR,C. Silva,Furad.,Energia,14,-4069.28,56969.92,0,Muito Satisfeito,PIX,
99,15-05-2025,PED-1099,Loja Ferramentas BR,Ponta Grossa,PR,Carlos S.,Furad.,Ferramentas,27,-4135.92,111669.84,6,Insatisfeito,Boleto,
100,26/02/2025,PED-1100,Metalúrgica Sul,Cascavel,PR,Carlos S.,Parafusadeira ,Ferramentas,16,-4156.4,66502.4,6,Insatisfeito,Cartão,
101,2025-02-23,PED-1101,Indústria Alpha,Londrina,PR,C. Silva,Parafusadeira ,Energia,6,-2918.04,17508.24,6,Satisfeito,Boleto,
102,23/05/2025,PED-1102,Loja Ferramentas BR,Londrina,PR,Carlos S.,Soldadora,Energia,16,-4147.53,66360.48,6,Neutro,PIX,
103,05-04-2025,PED-1103,Loja Ferramentas BR,Londrina,PR,Carlos S.,Parafusadeira ,Elétrica,9,-4011.01,36099.09,0,Muito Satisfeito,Boleto,
104,2025-03-21,PED-1104,Auto Center Prime,Londrina,PR,C. Silva,Furad.,Soldagem,15,-885.98,13289.7,0,Satisfeito,PIX,
105,02/03/2025,PED-1105,Cliente XPTO,Cascavel,PR,Carlos S.,Furad.,Elétrica,7,-1134.66,7942.62,10,Neutro,PIX,
106,29/05/2025,PED-1106,Metalúrgica Sul,Curitiba,PR,Carlos S.,Furad.,Ferramentas,14,-4432.56,62055.84,0,Neutro,Cartão,
107,05/03/2025,PED-1107,Metalúrgica Sul,Londrina,PR,C. Silva,Parafusadeira ,Medição,15,-4652.47,69787.05,6,Insatisfeito,Boleto,
108,2025-01-19,PED-1108,Auto Center Prime,Araucária,PR,Carlos S.,Parafusadeira ,Soldagem,19,-128.82,2447.58,0,Muito Satisfeito,Boleto,
109,2025-03-19,PED-1109,Auto Center Prime,Araucária,PR,C. Silva,Furad.,Medição,21,-2852.33,59898.93,10,Neutro,Boleto,
110,12/04/2025,PED-1110,Oficina Curitiba,Cascavel,PR,C. Silva,Furad.,Soldagem,1,-326.42,326.42,6,Neutro,Boleto,
111,2025-06-11,PED-1111,Cliente XPTO,Maringá,PR,Carlos S.,Furad.,Ferramentas,4,-3009.26,12037.04,6,Neutro,Boleto,
112,07/06/2025,PED-1112,Auto Center Prime,Cascavel,PR,C. Silva,Furad.,Ferramentas,14,-1322.74,18518.36,10,Neutro,PIX,
113,10/06/2025,PED-1113,Loja Ferramentas BR,Londrina,PR,C. Silva,Furad.,Soldagem,27,-2628.22,70961.94,6,Muito Satisfeito,PIX,
114,01/02/2025,PED-1114,Loja Ferramentas BR,Ponta Grossa,PR,C. Silva,Furad.,Ferramentas,14,-3837.77,53728.78,0,Muito Satisfeito,Boleto,
115,09-02-2025,PED-1115,Indústria Alpha,Cascavel,PR,Carlos S.,Furad.,Medição,19,-3801.06,72220.14,10,Neutro,PIX,
116,30-04-2025,PED-1116,Indústria Alpha,Ponta Grossa,PR,C. Silva,Soldadora,Elétrica,24,-1517.18,36412.32,0,Muito Satisfeito,PIX,
117,10/02/2025,PED-1117,Cliente XPTO,Cascavel,PR,C. Silva,Soldadora,Medição,16,-1379.27,22068.32,10,Neutro,Cartão,
118,2025-06-14,PED-1118,Mercado Industrial,Londrina,PR,Carlos S.,Furad.,Elétrica,21,-1661.82,34898.22,10,Insatisfeito,PIX,
119,2025-03-18,PED-1119,Oficina Curitiba,Ponta Grossa,PR,Carlos S.,Furad.,Energia,2,-4764.03,9528.06,6,Neutro,PIX,
120,21/04/2025,PED-1120,Loja Ferramentas BR,Ponta Grossa,PR,C. Silva,Soldadora,Energia,8,-1073.63,8589.04,6,Muito Satisfeito,PIX,
121,30-05-2025,PED-1121,Construtora Paraná,Londrina,PR,Carlos S.,Furad.,Elétrica,1,-1368.01,1368.01,6,Insatisfeito,Cartão,
122,2025-06-04,PED-1122,Metalúrgica Sul,Londrina,PR,C. Silva,Furad.,Ferramentas,23,-2343.82,53907.86,6,Neutro,Cartão,
123,29-01-2025,PED-1123,Auto Center Prime,Ponta Grossa,PR,C. Silva,Soldadora,Ferramentas,15,-350.79,5261.85,0,Satisfeito,PIX,
124,2025-01-24,PED-1124,Cliente XPTO,Maringá,PR,C. Silva,Furad.,Soldagem,12,-1112.06,13344.72,0,Neutro,Cartão,
125,10/01/2025,PED-1125,Indústria Alpha,Cascavel,PR,C. Silva,Furad.,Elétrica,9,-3186.02,28674.18,10,Insatisfeito,Cartão,
126,28-02-2025,PED-1126,Mercado Industrial,Maringá,PR,Carlos S.,Parafusadeira ,Ferramentas,13,-1402.87,18237.31,6,Insatisfeito,Cartão,
127,2025-02-15,PED-1127,Indústria Alpha,Araucária,PR,Carlos S.,Furad.,Medição,30,-3275.81,98274.3,10,Neutro,Boleto,
128,07/02/2025,PED-1128,Cliente XPTO,Ponta Grossa,PR,C. Silva,Furad.,Soldagem,24,-4385.72,105257.28,0,Satisfeito,Cartão,
129,06/01/2025,PED-1129,Mercado Industrial,Araucária,PR,Carlos S.,Soldadora,Medição,28,-2268.23,63510.44,6,Insatisfeito,Boleto,
130,2025-06-12,PED-1130,Metalúrgica Sul,Curitiba,PR,C. Silva,Furad.,Soldagem,4,-1057.96,4231.84,6,Satisfeito,PIX,
131,11-02-2025,PED-1131,Construtora Paraná,Cascavel,PR,Carlos S.,Furad.,Medição,22,-3470.2,76344.4,0,Satisfeito,Cartão,
132,13/02/2025,PED-1132,Metalúrgica Sul,Cascavel,PR,Carlos S.,Furad.,Energia,20,-4105.58,82111.6,0,Neutro,PIX,
133,16-01-2025,PED-1133,Mercado Industrial,Ponta Grossa,PR,C. Silva,Parafusadeira ,Ferramentas,4,-1826.4,7305.6,6,Insatisfeito,Boleto,
134,15/02/2025,PED-1134,Cliente XPTO,Londrina,PR,C. Silva,Furad.,Soldagem,26,-233.93,6082.18,10,Insatisfeito,PIX,
135,30/04/2025,PED-1135,Indústria Alpha,Cascavel,PR,C. Silva,Furad.,Ferramentas,15,-3403.12,51046.8,6,Muito Satisfeito,Boleto,
136,10/06/2025,PED-1136,Mercado Industrial,Maringá,PR,Carlos S.,Soldadora,Medição,18,-360.67,6492.06,10,Satisfeito,Cartão,
137,2025-02-03,PED-1137,Indústria Alpha,Curitiba,PR,C. Silva,Parafusadeira ,Energia,7,-4403.73,30826.11,6,Muito Satisfeito,Boleto,
138,24/02/2025,PED-1138,Indústria Alpha,Curitiba,PR,Carlos S.,Soldadora,Energia,11,-453.09,4983.99,0,Muito Satisfeito,PIX,
139,15/03/2025,PED-1139,Loja Ferramentas BR,Ponta Grossa,PR,Carlos S.,Parafusadeira ,Medição,1,-3433.38,3433.38,0,Muito Satisfeito,PIX,
140,02/03/2025,PED-1140,Cliente XPTO,Cascavel,PR,Carlos S.,Soldadora,Soldagem,18,-231.79,4172.22,0,Neutro,PIX,
141,2025-06-29,PED-1141,Metalúrgica Sul,Ponta Grossa,PR,Carlos S.,Soldadora,Ferramentas,3,-4383.36,13150.08,0,Neutro,Boleto,
142,2025-02-27,PED-1142,Construtora Paraná,Curitiba,PR,Carlos S.,Parafusadeira ,Soldagem,28,-236.39,6618.92,6,Muito Satisfeito,PIX,
143,14/04/2025,PED-1143,Cliente XPTO,Ponta Grossa,PR,C. Silva,Soldadora,Soldagem,23,-3941.32,90650.36,10,Neutro,Cartão,
144,06/02/2025,PED-1144,Construtora Paraná,Ponta Grossa,PR,Carlos S.,Furad.,Soldagem,28,-2847.36,79726.08,10,Satisfeito,Cartão,
145,06-02-2025,PED-1145,Loja Ferramentas BR,Araucária,PR,C. Silva,Furad.,Ferramentas,29,-3216.94,93291.26,6,Satisfeito,Cartão,
146,03/02/2025,PED-1146,Auto Center Prime,Cascavel,PR,C. Silva,Furad.,Ferramentas,5,-4074.64,20373.2,10,Satisfeito,Boleto,
147,26-06-2025,PED-1147,Oficina Curitiba,Cascavel,PR,C. Silva,Furad.,Ferramentas,16,-3419.08,54705.28,0,Muito Satisfeito,PIX,
148,31-01-2025,PED-1148,Loja Ferramentas BR,Londrina,PR,Carlos S.,Parafusadeira ,Ferramentas,2,-3667.59,7335.18,10,Muito Satisfeito,Boleto,
149,29-01-2025,PED-1149,Metalúrgica Sul,Cascavel,PR,C. Silva,Furad.,Medição,16,-2110.73,33771.68,6,Neutro,PIX,
150,17-06-2025,PED-1150,Indústria Alpha,Maringá,PR,C. Silva,Furad.,Soldagem,30,-711.81,21354.3,10,Neutro,Boleto,
151,31-03-2025,PED-1151,Indústria Alpha,Curitiba,PR,C. Silva,Furad.,Energia,13,-4543.75,59068.75,0,Insatisfeito,PIX,
152,10/06/2025,PED-1152,Cliente XPTO,Maringá,PR,C. Silva,Soldadora,Soldagem,9,-1476.7,13290.3,10,Neutro,Cartão,
153,2025-05-29,PED-1153,Cliente XPTO,Ponta Grossa,PR,Carlos S.,Soldadora,Ferramentas,25,-1985.78,49644.5,10,Insatisfeito,Boleto,
154,09-01-2025,PED-1154,Mercado Industrial,Maringá,PR,Carlos S.,Soldadora,Medição,14,-4389.0,61446.0,0,Insatisfeito,PIX,
155,2025-06-21,PED-1155,Construtora Paraná,Curitiba,PR,C. Silva,Furad.,Elétrica,6,-3907.74,23446.44,0,Satisfeito,PIX,
156,2025-05-11,PED-1156,Mercado Industrial,Araucária,PR,Carlos S.,Soldadora,Ferramentas,27,-3673.47,99183.69,6,Neutro,PIX,
157,03/02/2025,PED-1157,Metalúrgica Sul,Cascavel,PR,Carlos S.,Furad.,Soldagem,6,-3359.6,20157.6,0,Muito Satisfeito,Boleto,
158,10-03-2025,PED-1158,Loja Ferramentas BR,Londrina,PR,Carlos S.,Soldadora,Medição,13,-948.85,12335.05,10,Neutro,Boleto,
159,2025-02-04,PED-1159,Metalúrgica Sul,Araucária,PR,Carlos S.,Furad.,Medição,28,-753.77,21105.56,0,Insatisfeito,PIX,
160,18-03-2025,PED-1160,Mercado Industrial,Cascavel,PR,C. Silva,Soldadora,Soldagem,15,-2124.6,31869.0,10,Neutro,Boleto,
161,2025-01-06,PED-1161,Construtora Paraná,Cascavel,PR,C. Silva,Soldadora,Elétrica,30,-4598.11,137943.3,6,Satisfeito,Cartão,
162,2025-04-08,PED-1162,Auto Center Prime,Curitiba,PR,C. Silva,Furad.,Ferramentas,11,-4650.65,51157.15,6,Neutro,Boleto,
163,23/01/2025,PED-1163,Metalúrgica Sul,Maringá,PR,C. Silva,Parafusadeira ,Energia,18,-4850.52,87309.36,6,Muito Satisfeito,Cartão,
164,14-03-2025,PED-1164,Oficina Curitiba,Ponta Grossa,PR,Carlos S.,Soldadora,Ferramentas,22,-4095.32,90097.04,0,Insatisfeito,Boleto,
165,15/04/2025,PED-1165,Metalúrgica Sul,Curitiba,PR,C. Silva,Parafusadeira ,Medição,7,-1931.61,13521.27,6,Neutro,Boleto,
166,03-02-2025,PED-1166,Indústria Alpha,Curitiba,PR,C. Silva,Parafusadeira ,Medição,26,-2293.89,59641.14,0,Satisfeito,PIX,
167,2025-02-24,PED-1167,Auto Center Prime,Londrina,PR,Carlos S.,Soldadora,Ferramentas,22,-934.68,20562.96,6,Neutro,Boleto,
168,2025-03-19,PED-1168,Mercado Industrial,Cascavel,PR,Carlos S.,Furad.,Ferramentas,15,-171.17,2567.55,6,Muito Satisfeito,PIX,
169,2025-02-12,PED-1169,Metalúrgica Sul,Maringá,PR,Carlos S.,Parafusadeira ,Medição,7,-936.69,6556.83,0,Muito Satisfeito,PIX,
170,04/06/2025,PED-1170,Loja Ferramentas BR,Maringá,PR,C. Silva,Soldadora,Energia,26,-2337.48,60774.48,0,Muito Satisfeito,PIX,
171,2025-06-02,PED-1171,Auto Center Prime,Ponta Grossa,PR,C. Silva,Soldadora,Elétrica,28,-3946.85,110511.8,10,Insatisfeito,PIX,
172,2025-01-04,PED-1172,Mercado Industrial,Cascavel,PR,C. Silva,Furad.,Energia,20,-2253.16,45063.2,6,Neutro,Cartão,
173,2025-01-10,PED-1173,Loja Ferramentas BR,Araucária,PR,Carlos S.,Furad.,Medição,30,-3980.47,119414.1,10,Satisfeito,Boleto,
174,30-03-2025,PED-1174,Metalúrgica Sul,Londrina,PR,C. Silva,Parafusadeira ,Energia,2,-3371.34,6742.68,10,Satisfeito,PIX,
175,2025-06-18,PED-1175,Loja Ferramentas BR,Maringá,PR,C. Silva,Parafusadeira ,Ferramentas,7,-1043.35,7303.45,0,Insatisfeito,Boleto,
176,2025-02-20,PED-1176,Construtora Paraná,Araucária,PR,C. Silva,Soldadora,Medição,16,-2939.83,47037.28,6,Muito Satisfeito,PIX,
177,12/06/2025,PED-1177,Mercado Industrial,Ponta Grossa,PR,Carlos S.,Soldadora,Ferramentas,27,-4746.59,128157.93,10,Insatisfeito,Boleto,
178,15/04/2025,PED-1178,Loja Ferramentas BR,Cascavel,PR,C. Silva,Parafusadeira ,Medição,28,-3597.65,100734.2,6,Neutro,PIX,
179,02/04/2025,PED-1179,Indústria Alpha,Curitiba,PR,C. Silva,Furad.,Ferramentas,1,-1187.27,1187.27,6,Insatisfeito,PIX,
180,2025-05-30,PED-1180,Indústria Alpha,Curitiba,PR,C. Silva,Soldadora,Energia,18,-1490.98,26837.64,0,Satisfeito,Boleto,
181,20-01-2025,PED-1181,Construtora Paraná,Maringá,PR,Carlos S.,Furad.,Energia,23,-785.6,18068.8,6,Satisfeito,PIX,
182,28/06/2025,PED-1182,Indústria Alpha,Araucária,PR,Carlos S.,Soldadora,Medição,4,-4312.45,17249.8,10,Neutro,PIX,
183,10/06/2025,PED-1183,Oficina Curitiba,Curitiba,PR,Carlos S.,Furad.,Elétrica,7,-2937.19,20560.33,10,Neutro,PIX,
184,20/03/2025,PED-1184,Metalúrgica Sul,Maringá,PR,Carlos S.,Soldadora,Medição,10,-3855.35,38553.5,10,Muito Satisfeito,PIX,
185,2025-04-01,PED-1185,Construtora Paraná,Cascavel,PR,C. Silva,Parafusadeira ,Elétrica,4,-1512.71,6050.84,10,Insatisfeito,PIX,
186,20-06-2025,PED-1186,Oficina Curitiba,Londrina,PR,Carlos S.,Parafusadeira ,Soldagem,28,-3752.98,105083.44,10,Muito Satisfeito,Cartão,
187,03/05/2025,PED-1187,Metalúrgica Sul,Maringá,PR,Carlos S.,Parafusadeira ,Elétrica,10,-2945.18,29451.8,0,Insatisfeito,Boleto,
188,2025-03-29,PED-1188,Indústria Alpha,Maringá,PR,C. Silva,Furad.,Elétrica,16,-496.36,7941.76,10,Neutro,PIX,
189,20/03/2025,PED-1189,Indústria Alpha,Ponta Grossa,PR,C. Silva,Soldadora,Elétrica,2,-1806.69,3613.38,0,Neutro,Cartão,
190,2025-04-03,PED-1190,Metalúrgica Sul,Araucária,PR,C. Silva,Soldadora,Energia,3,-1217.67,3653.01,6,Insatisfeito,Boleto,
191,26-05-2025,PED-1191,Oficina Curitiba,Londrina,PR,C. Silva,Parafusadeira ,Elétrica,20,-4808.38,96167.6,10,Satisfeito,PIX,
192,2025-02-25,PED-1192,Cliente XPTO,Araucária,PR,Carlos S.,Soldadora,Ferramentas,25,-341.18,8529.5,0,Muito Satisfeito,PIX,
193,27-03-2025,PED-1193,Mercado Industrial,Curitiba,PR,Carlos S.,Soldadora,Ferramentas,24,-4164.46,99947.04,10,Insatisfeito,Boleto,
194,2025-03-18,PED-1194,Indústria Alpha,Curitiba,PR,C. Silva,Soldadora,Ferramentas,28,-624.99,17499.72,6,Satisfeito,PIX,
195,20-02-2025,PED-1195,Metalúrgica Sul,Araucária,PR,Carlos S.,Soldadora,Energia,7,-1736.87,12158.09,10,Muito Satisfeito,Boleto,
196,2025-06-04,PED-1196,Auto Center Prime,Londrina,PR,Carlos S.,Furad.,Soldagem,13,-1806.86,23489.18,10,Muito Satisfeito,Cartão,
197,13-06-2025,PED-1197,Construtora Paraná,Londrina,PR,Carlos S.,Soldadora,Energia,16,-1740.15,27842.4,6,Insatisfeito,PIX,
198,14-05-2025,PED-1198,Loja Ferramentas BR,Cascavel,PR,Carlos S.,Soldadora,Elétrica,15,-1549.46,23241.9,0,Neutro,Boleto,
199,21/01/2025,PED-1199,Auto Center Prime,Cascavel,PR,Carlos S.,Parafusadeira ,Ferramentas,1,-1013.61,1013.61,0,Insatisfeito,PIX,
200,18-05-2025,PED-1200,Metalúrgica Sul,Ponta Grossa,PR,Carlos S.,Furad.,Elétrica,1,-4336.28,4336.28,0,Muito Satisfeito,PIX,
201,2025-04-28,PED-1201,Cliente XPTO,Curitiba,PR,C. Silva,Furad.,Elétrica,29,-4468.98,129600.42,6,Satisfeito,Boleto,
202,05-02-2025,PED-1202,Oficina Curitiba,Ponta Grossa,PR,C. Silva,Furad.,Ferramentas,20,-1471.21,29424.2,0,Insatisfeito,Boleto,
203,2025-01-03,PED-1203,Cliente XPTO,Ponta Grossa,PR,C. Silva,Furad.,Soldagem,20,-358.29,7165.8,0,Satisfeito,PIX,
204,2025-01-17,PED-1204,Indústria Alpha,Londrina,PR,Carlos S.,Parafusadeira ,Ferramentas,18,-2608.82,46958.76,6,Muito Satisfeito,Cartão,
205,17/04/2025,PED-1205,Metalúrgica Sul,Araucária,PR,C. Silva,Soldadora,Ferramentas,23,-1140.39,26228.97,6,Neutro,Boleto,
206,07-04-2025,PED-1206,Oficina Curitiba,Ponta Grossa,PR,Carlos S.,Parafusadeira ,Elétrica,24,-1233.09,29594.16,0,Muito Satisfeito,PIX,
207,13/01/2025,PED-1207,Loja Ferramentas BR,Londrina,PR,C. Silva,Soldadora,Ferramentas,22,-3422.58,75296.76,6,Insatisfeito,Boleto,
208,05-03-2025,PED-1208,Cliente XPTO,Londrina,PR,Carlos S.,Furad.,Soldagem,6,-1454.7,8728.2,6,Insatisfeito,PIX,
209,07-05-2025,PED-1209,Construtora Paraná,Ponta Grossa,PR,C. Silva,Soldadora,Medição,21,-4203.99,88283.79,10,Muito Satisfeito,PIX,
210,03-04-2025,PED-1210,Indústria Alpha,Araucária,PR,Carlos S.,Soldadora,Energia,26,-4679.75,121673.5,0,Neutro,PIX,
211,11/05/2025,PED-1211,Construtora Paraná,Maringá,PR,Carlos S.,Parafusadeira ,Soldagem,20,-4983.06,99661.2,0,Neutro,Boleto,
212,31-05-2025,PED-1212,Loja Ferramentas BR,Curitiba,PR,Carlos S.,Furad.,Medição,11,-2345.11,25796.21,6,Insatisfeito,Cartão,
213,2025-05-02,PED-1213,Construtora Paraná,Londrina,PR,C. Silva,Soldadora,Ferramentas,25,-2218.57,55464.25,6,Neutro,Boleto,
214,30/05/2025,PED-1214,Cliente XPTO,Araucária,PR,Carlos S.,Parafusadeira ,Elétrica,25,-3377.13,84428.25,10,Insatisfeito,PIX,
215,19-01-2025,PED-1215,Auto Center Prime,Londrina,PR,Carlos S.,Soldadora,Ferramentas,15,-3015.67,45235.05,0,Neutro,PIX,
216,03/03/2025,PED-1216,Loja Ferramentas BR,Curitiba,PR,C. Silva,Parafusadeira ,Soldagem,8,-3512.68,28101.44,0,Neutro,Boleto,
217,22-06-2025,PED-1217,Auto Center Prime,Curitiba,PR,Carlos S.,Furad.,Elétrica,9,-481.6,4334.4,10,Neutro,Boleto,
218,2025-03-09,PED-1218,Indústria Alpha,Curitiba,PR,Carlos S.,Parafusadeira ,Ferramentas,20,-3112.81,62256.2,10,Insatisfeito,Boleto,
219,2025-04-03,PED-1219,Construtora Paraná,Londrina,PR,Carlos S.,Furad.,Energia,8,-3402.69,27221.52,0,Neutro,PIX,
220,2025-03-04,PED-1220,Construtora Paraná,Araucária,PR,C. Silva,Furad.,Soldagem,16,-2729.78,43676.48,6,Muito Satisfeito,Boleto,
221,2025-01-14,PED-1221,Metalúrgica Sul,Curitiba,PR,C. Silva,Furad.,Elétrica,5,-1041.07,5205.35,10,Insatisfeito,Boleto,
222,2025-05-12,PED-1222,Auto Center Prime,Curitiba,PR,C. Silva,Parafusadeira ,Energia,1,-1845.72,1845.72,6,Insatisfeito,Boleto,
223,22-01-2025,PED-1223,Auto Center Prime,Maringá,PR,Carlos S.,Soldadora,Soldagem,3,-3626.22,10878.66,0,Satisfeito,Cartão,
224,07/05/2025,PED-1224,Oficina Curitiba,Maringá,PR,C. Silva,Soldadora,Energia,10,-2718.74,27187.4,6,Neutro,PIX,
225,02-03-2025,PED-1225,Loja Ferramentas BR,Curitiba,PR,C. Silva,Parafusadeira ,Ferramentas,21,-4284.7,89978.7,0,Muito Satisfeito,PIX,
226,05/01/2025,PED-1226,Oficina Curitiba,Curitiba,PR,C. Silva,Parafusadeira ,Ferramentas,22,-500.54,11011.88,6,Satisfeito,Boleto,
227,21-05-2025,PED-1227,Loja Ferramentas BR,Cascavel,PR,Carlos S.,Furad.,Ferramentas,19,-4096.22,77828.18,6,Satisfeito,PIX,
228,2025-05-08,PED-1228,Oficina Curitiba,Araucária,PR,Carlos S.,Furad.,Ferramentas,25,-4710.4,117760.0,10,Muito Satisfeito,Cartão,
229,2025-05-11,PED-1229,Metalúrgica Sul,Curitiba,PR,C. Silva,Parafusadeira ,Elétrica,24,-1886.95,45286.8,6,Muito Satisfeito,Boleto,
230,2025-02-10,PED-1230,Mercado Industrial,Maringá,PR,C. Silva,Parafusadeira ,Elétrica,16,-3810.59,60969.44,0,Neutro,PIX,
231,23-04-2025,PED-1231,Indústria Alpha,Curitiba,PR,C. Silva,Parafusadeira ,Ferramentas,18,-1640.71,29532.78,10,Muito Satisfeito,Boleto,
232,08/01/2025,PED-1232,Oficina Curitiba,Londrina,PR,Carlos S.,Furad.,Medição,21,-4638.96,97418.16,10,Satisfeito,Cartão,
233,15-06-2025,PED-1233,Cliente XPTO,Araucária,PR,Carlos S.,Parafusadeira ,Ferramentas,23,-2584.39,59440.97,0,Satisfeito,Boleto,
234,2025-05-24,PED-1234,Metalúrgica Sul,Maringá,PR,C. Silva,Furad.,Elétrica,3,-610.32,1830.96,6,Neutro,Cartão,
235,13/01/2025,PED-1235,Auto Center Prime,Londrina,PR,Carlos S.,Soldadora,Soldagem,9,-4759.89,42839.01,6,Insatisfeito,Boleto,
236,14-02-2025,PED-1236,Oficina Curitiba,Maringá,PR,C. Silva,Soldadora,Elétrica,11,-4563.24,50195.64,0,Insatisfeito,Boleto,
237,16/02/2025,PED-1237,Mercado Industrial,Maringá,PR,Carlos S.,Parafusadeira ,Elétrica,29,-3310.0,95990.0,10,Neutro,Cartão,
238,23/04/2025,PED-1238,Mercado Industrial,Curitiba,PR,Carlos S.,Parafusadeira ,Energia,19,-1649.88,31347.72,0,Insatisfeito,Cartão,
239,27-06-2025,PED-1239,Indústria Alpha,Ponta Grossa,PR,Carlos S.,Furad.,Elétrica,1,-389.23,389.23,10,Neutro,PIX,
240,04-03-2025,PED-1240,Mercado Industrial,Ponta Grossa,PR,Carlos S.,Soldadora,Medição,28,-1226.86,34352.08,10,Muito Satisfeito,Boleto,
241,04-02-2025,PED-1241,Indústria Alpha,Cascavel,PR,C. Silva,Furad.,Elétrica,21,-4050.01,85050.21,0,Insatisfeito,Boleto,
242,20/01/2025,PED-1242,Oficina Curitiba,Ponta Grossa,PR,Carlos S.,Parafusadeira ,Ferramentas,5,-2160.27,10801.35,6,Muito Satisfeito,Cartão,
243,03-05-2025,PED-1243,Metalúrgica Sul,Maringá,PR,C. Silva,Furad.,Soldagem,28,-1389.08,38894.24,6,Muito Satisfeito,Boleto,
244,02-04-2025,PED-1244,Indústria Alpha,Maringá,PR,C. Silva,Parafusadeira ,Ferramentas,1,-3783.58,3783.58,10,Satisfeito,Boleto,
245,29/03/2025,PED-1245,Loja Ferramentas BR,Curitiba,PR,Carlos S.,Furad.,Medição,5,-2451.12,12255.6,10,Insatisfeito,PIX,
246,2025-03-10,PED-1246,Mercado Industrial,Araucária,PR,C. Silva,Soldadora,Energia,3,-2580.61,7741.83,10,Satisfeito,Boleto,
247,2025-06-04,PED-1247,Mercado Industrial,Londrina,PR,C. Silva,Furad.,Energia,27,-4566.95,123307.65,0,Neutro,Cartão,
248,08-03-2025,PED-1248,Mercado Industrial,Cascavel,PR,C. Silva,Parafusadeira ,Ferramentas,6,-2580.15,15480.9,10,Neutro,Boleto,
249,13/06/2025,PED-1249,Construtora Paraná,Araucária,PR,C. Silva,Soldadora,Medição,10,-2566.11,25661.1,10,Insatisfeito,Cartão,
250,2025-06-30,PED-1250,Loja Ferramentas BR,Araucária,PR,Carlos S.,Furad.,Energia,4,-923.73,3694.92,0,Insatisfeito,PIX,
251,13/04/2025,PED-1251,Oficina Curitiba,Cascavel,PR,Carlos S.,Soldadora,Elétrica,22,-2496.1,54914.2,0,Insatisfeito,Boleto,
252,25-04-2025,PED-1252,Mercado Industrial,Cascavel,PR,Carlos S.,Soldadora,Medição,8,-4299.06,34392.48,6,Insatisfeito,PIX,
253,20-06-2025,PED-1253,Oficina Curitiba,Londrina,PR,Carlos S.,Parafusadeira ,Energia,18,-3849.63,69293.34,6,Muito Satisfeito,Cartão,
254,15-05-2025,PED-1254,Loja Ferramentas BR,Maringá,PR,C. Silva,Parafusadeira ,Medição,2,-3208.3,6416.6,0,Muito Satisfeito,Boleto,
255,22-05-2025,PED-1255,Mercado Industrial,Londrina,PR,C. Silva,Soldadora,Elétrica,20,-941.92,18838.4,6,Satisfeito,Cartão,
256,2025-05-26,PED-1256,Loja Ferramentas BR,Cascavel,PR,C. Silva,Furad.,Energia,28,-282.83,7919.24,6,Insatisfeito,Cartão,
257,01-02-2025,PED-1257,Auto Center Prime,Curitiba,PR,Carlos S.,Soldadora,Soldagem,9,-2045.64,18410.76,10,Satisfeito,PIX,
258,29/03/2025,PED-1258,Metalúrgica Sul,Maringá,PR,C. Silva,Parafusadeira ,Elétrica,24,-4115.77,98778.48,0,Neutro,Cartão,
259,2025-01-04,PED-1259,Mercado Industrial,Curitiba,PR,Carlos S.,Soldadora,Medição,7,-1205.57,8438.99,6,Satisfeito,Cartão,
260,12-01-2025,PED-1260,Construtora Paraná,Curitiba,PR,C. Silva,Soldadora,Ferramentas,6,-2015.73,12094.38,10,Muito Satisfeito,PIX,
261,2025-06-13,PED-1261,Indústria Alpha,Cascavel,PR,C. Silva,Soldadora,Soldagem,3,-4250.43,12751.29,0,Satisfeito,PIX,
262,2025-05-03,PED-1262,Loja Ferramentas BR,Curitiba,PR,Carlos S.,Parafusadeira ,Energia,25,-4286.53,107163.25,10,Neutro,Boleto,
263,01/04/2025,PED-1263,Indústria Alpha,Maringá,PR,C. Silva,Furad.,Medição,16,-1784.64,28554.24,10,Muito Satisfeito,Boleto,
264,04/01/2025,PED-1264,Oficina Curitiba,Maringá,PR,C. Silva,Parafusadeira ,Soldagem,28,-529.74,14832.72,10,Insatisfeito,Boleto,
265,2025-03-31,PED-1265,Metalúrgica Sul,Cascavel,PR,C. Silva,Soldadora,Medição,24,-4470.94,107302.56,10,Muito Satisfeito,Boleto,
266,27/05/2025,PED-1266,Auto Center Prime,Maringá,PR,C. Silva,Parafusadeira ,Elétrica,30,-3325.0,99750.0,0,Muito Satisfeito,Boleto,
267,13-06-2025,PED-1267,Metalúrgica Sul,Araucária,PR,Carlos S.,Furad.,Soldagem,18,-2955.49,53198.82,0,Muito Satisfeito,Boleto,
268,08-04-2025,PED-1268,Metalúrgica Sul,Ponta Grossa,PR,Carlos S.,Parafusadeira ,Energia,4,-3545.88,14183.52,10,Satisfeito,Boleto,
269,2025-02-22,PED-1269,Auto Center Prime,Maringá,PR,C. Silva,Parafusadeira ,Ferramentas,16,-2889.31,46228.96,0,Neutro,Cartão,
270,2025-03-15,PED-1270,Indústria Alpha,Cascavel,PR,C. Silva,Furad.,Medição,29,-2588.18,75057.22,0,Satisfeito,Boleto,
271,2025-03-01,PED-1271,Auto Center Prime,Curitiba,PR,C. Silva,Furad.,Energia,24,-4932.66,118383.84,0,Satisfeito,Boleto,
272,2025-01-29,PED-1272,Auto Center Prime,Maringá,PR,C. Silva,Soldadora,Elétrica,9,-4389.98,39509.82,6,Neutro,Boleto,
273,07/01/2025,PED-1273,Construtora Paraná,Ponta Grossa,PR,C. Silva,Parafusadeira ,Ferramentas,2,-2257.36,4514.72,10,Muito Satisfeito,PIX,
274,27-06-2025,PED-1274,Cliente XPTO,Ponta Grossa,PR,Carlos S.,Soldadora,Soldagem,7,-3608.07,25256.49,0,Muito Satisfeito,Boleto,
275,24/02/2025,PED-1275,Oficina Curitiba,Maringá,PR,C. Silva,Soldadora,Elétrica,10,-672.99,6729.9,6,Satisfeito,Cartão,
276,11/06/2025,PED-1276,Auto Center Prime,Maringá,PR,Carlos S.,Furad.,Elétrica,7,-2908.13,20356.91,0,Muito Satisfeito,PIX,
277,2025-05-08,PED-1277,Construtora Paraná,Cascavel,PR,C. Silva,Parafusadeira ,Elétrica,17,-4155.98,70651.66,0,Muito Satisfeito,Cartão,
278,31-03-2025,PED-1278,Indústria Alpha,Maringá,PR,Carlos S.,Furad.,Energia,1,-2101.12,2101.12,6,Muito Satisfeito,Cartão,
279,2025-02-15,PED-1279,Construtora Paraná,Curitiba,PR,C. Silva,Parafusadeira ,Soldagem,11,-926.09,10186.99,10,Satisfeito,PIX,
280,02-02-2025,PED-1280,Construtora Paraná,Ponta Grossa,PR,Carlos S.,Furad.,Energia,25,-3943.87,98596.75,0,Neutro,PIX,
281,11-06-2025,PED-1281,Oficina Curitiba,Araucária,PR,Carlos S.,Furad.,Soldagem,19,-4775.36,90731.84,6,Muito Satisfeito,PIX,
282,17/02/2025,PED-1282,Oficina Curitiba,Araucária,PR,Carlos S.,Soldadora,Energia,29,-1995.12,57858.48,0,Satisfeito,Boleto,
283,2025-04-26,PED-1283,Cliente XPTO,Ponta Grossa,PR,C. Silva,Furad.,Ferramentas,15,-4044.89,60673.35,0,Insatisfeito,Boleto,
284,23/03/2025,PED-1284,Oficina Curitiba,Ponta Grossa,PR,Carlos S.,Furad.,Medição,17,-4375.74,74387.58,10,Insatisfeito,Boleto,
285,20/02/2025,PED-1285,Metalúrgica Sul,Curitiba,PR,C. Silva,Furad.,Energia,17,-983.23,16714.91,6,Muito Satisfeito,PIX,
286,2025-01-02,PED-1286,Indústria Alpha,Londrina,PR,Carlos S.,Furad.,Medição,13,-3040.6,39527.8,0,Neutro,Cartão,
287,15-05-2025,PED-1287,Indústria Alpha,Londrina,PR,Carlos S.,Furad.,Ferramentas,8,-1571.78,12574.24,6,Muito Satisfeito,Cartão,
288,09/02/2025,PED-1288,Cliente XPTO,Maringá,PR,Carlos S.,Soldadora,Energia,14,-4273.45,59828.3,0,Insatisfeito,Cartão,
289,2025-06-30,PED-1289,Mercado Industrial,Maringá,PR,C. Silva,Furad.,Elétrica,6,-4127.72,24766.32,0,Insatisfeito,Boleto,
290,2025-01-01,PED-1290,Metalúrgica Sul,Curitiba,PR,C. Silva,Soldadora,Ferramentas,5,-1803.81,9019.05,0,Muito Satisfeito,PIX,
291,26/06/2025,PED-1291,Loja Ferramentas BR,Londrina,PR,C. Silva,Parafusadeira ,Elétrica,27,-98.32,2654.64,0,Neutro,PIX,
292,20-02-2025,PED-1292,Loja Ferramentas BR,Curitiba,PR,Carlos S.,Parafusadeira ,Soldagem,21,-3852.18,80895.78,6,Muito Satisfeito,Cartão,
293,2025-01-24,PED-1293,Indústria Alpha,Cascavel,PR,Carlos S.,Parafusadeira ,Medição,12,-2587.67,31052.04,0,Satisfeito,Boleto,
294,27/05/2025,PED-1294,Metalúrgica Sul,Maringá,PR,Carlos S.,Furad.,Ferramentas,3,-1756.85,5270.55,10,Insatisfeito,Cartão,
295,22-03-2025,PED-1295,Metalúrgica Sul,Araucária,PR,Carlos S.,Parafusadeira ,Medição,12,-2909.43,34913.16,0,Muito Satisfeito,PIX,
296,29-03-2025,PED-1296,Loja Ferramentas BR,Curitiba,PR,C. Silva,Furad.,Elétrica,14,-1543.26,21605.64,0,Insatisfeito,Cartão,
297,13/03/2025,PED-1297,Construtora Paraná,Cascavel,PR,Carlos S.,Soldadora,Energia,2,-642.54,1285.08,6,Muito Satisfeito,Boleto,
298,2025-05-11,PED-1298,Oficina Curitiba,Maringá,PR,C. Silva,Parafusadeira ,Energia,2,-3353.8,6707.6,10,Insatisfeito,Cartão,
299,2025-03-17,PED-1299,Mercado Industrial,Curitiba,PR,Carlos S.,Parafusadeira ,Elétrica,1,-1554.33,1554.33,6,Satisfeito,Boleto,
300,09/03/2025,PED-1300,Cliente XPTO,Ponta Grossa,PR,Carlos S.,Parafusadeira ,Medição,7,-3172.19,22205.33,0,Satisfeito,PIX,
